,Unnamed: 0,Ticker,Entry Time,Entry Price,Exit Time,Exit Price,P/L,ROR,Cumulative ROR,Peak ROR,Drawdown
0,1,BANKNIFTY09JUL2022800PE,08-07-2020 09:29,301.0,08-07-2020 13:15,163.5,-137.5,-91362.12624584718,-91362.12624584718,-91362.12624584718,0.0
1,2,BANKNIFTY09JUL2022700CE,09-07-2020 09:29,166.75,09-07-2020 10:34,162.5,-4.25,-5097.451274362818,-96459.57752020999,-91362.12624584718,-5097.451274362815
2,3,BANKNIFTY09JUL2022700PE,09-07-2020 09:29,147.0,09-07-2020 10:34,110.55,-36.45,-49591.83673469388,-146051.41425490388,-91362.12624584718,-54689.288009056705
3,4,BANKNIFTY16JUL2022700CE,10-07-2020 09:29,437.55,10-07-2020 15:24,295.1,-142.45,-65112.55856473546,-211163.97281963934,-91362.12624584718,-119801.84657379217
4,5,BANKNIFTY16JUL2022700PE,10-07-2020 09:29,403.15,10-07-2020 15:24,555.2,152.05000000000007,75430.98102443264,-135732.9917952067,-91362.12624584718,-44370.86554935953
5,6,BANKNIFTY16JUL2022600CE,13-07-2020 09:29,370.55,13-07-2020 11:11,229.35,-141.20000000000002,-76211.03764674134,-211944.02944194805,-91362.12624584718,-120581.90319610087
6,7,BANKNIFTY16JUL2022600PE,13-07-2020 09:29,356.5,13-07-2020 11:11,590.85,234.35000000000002,131472.65077138852,-80471.37867055953,-80471.37867055953,0.0
7,8,BANKNIFTY16JUL2021800CE,14-07-2020 09:29,314.65,14-07-2020 10:56,224.35,-90.29999999999998,-57397.10789766407,-137868.4865682236,-80471.37867055953,-57397.10789766407
8,9,BANKNIFTY16JUL2021800PE,14-07-2020 09:29,328.55,14-07-2020 10:56,513.65,185.09999999999997,112676.91371176379,-25191.57285645981,-25191.57285645981,0.0
9,10,BANKNIFTY16JUL2021600CE,15-07-2020 09:29,265.65,15-07-2020 12:03,329.25,63.60000000000002,47882.55223037834,22690.979373918526,22690.979373918526,0.0
10,11,BANKNIFTY16JUL2021600PE,15-07-2020 09:29,298.3,15-07-2020 12:03,173.3,-125.0,-83808.24673147837,-61117.267357559846,22690.979373918526,-83808.24673147837
11,12,BANKNIFTY16JUL2021100CE,16-07-2020 09:29,135.8,16-07-2020 09:48,244.95,109.14999999999998,160751.1045655375,99633.83720797766,99633.83720797766,0.0
12,13,BANKNIFTY16JUL2021100PE,16-07-2020 09:29,148.95,16-07-2020 09:48,72.6,-76.35,-102517.62336354482,-2883.786155567155,99633.83720797766,-102517.62336354482
13,14,BANKNIFTY23JUL2021700CE,17-07-2020 09:29,447.65,17-07-2020 15:24,582.75,135.10000000000002,60359.65598123535,57475.8698256682,99633.83720797766,-42157.96738230946
14,15,BANKNIFTY23JUL2021700PE,17-07-2020 09:29,406.45,17-07-2020 15:24,246.3,-160.14999999999998,-78804.2809693689,-21328.41114370071,99633.83720797766,-120962.24835167837
15,16,BANKNIFTY23JUL2022300CE,20-07-2020 09:29,412.0,20-07-2020 13:33,306.65,-105.35000000000002,-51140.776699029135,-72469.18784272985,99633.83720797766,-172103.0250507075
16,17,BANKNIFTY23JUL2022300PE,20-07-2020 09:29,363.3,20-07-2020 13:33,388.3,25.0,13762.730525736306,-58706.45731699355,99633.83720797766,-158340.29452497122
17,18,BANKNIFTY23JUL2022600CE,21-07-2020 09:29,346.15,21-07-2020 15:24,388.95,42.80000000000001,24729.163657373978,-33977.293659619565,99633.83720797766,-133611.13086759724
18,19,BANKNIFTY23JUL2022600PE,21-07-2020 09:29,294.0,21-07-2020 15:24,195.5,-98.5,-67006.80272108843,-100984.096380708,99633.83720797766,-200617.93358868564
19,20,BANKNIFTY23JUL2022900CE,22-07-2020 09:29,231.5,22-07-2020 09:36,171.1,-60.400000000000006,-52181.42548596113,-153165.52186666912,99633.83720797766,-252799.35907464678
20,21,BANKNIFTY23JUL2022900PE,22-07-2020 09:29,278.75,22-07-2020 09:36,394.15,115.39999999999998,82798.20627802689,-70367.31558864223,99633.83720797766,-170001.1527966199
21,22,BANKNIFTY23JUL2022800CE,23-07-2020 09:29,169.75,23-07-2020 09:54,132.85,-36.900000000000006,-43475.699558173794,-113843.01514681603,99633.83720797766,-213476.8523547937
22,23,BANKNIFTY23JUL2022800PE,23-07-2020 09:29,123.0,23-07-2020 09:54,127.25,4.25,6910.569105691057,-106932.44604112497,99633.83720797766,-206566.28324910265
23,24,BANKNIFTY30JUL2022700CE,24-07-2020 09:29,426.35,24-07-2020 15:24,353.15,-73.20000000000005,-34337.98522340802,-141270.431264533,99633.83720797766,-240904.26847251065
24,25,BANKNIFTY30JUL2022700PE,24-07-2020 09:29,410.0,24-07-2020 15:24,435.05,25.05000000000001,12219.512195121957,-129050.91906941103,99633.83720797766,-228684.7562773887
25,26,BANKNIFTY30JUL2022200CE,27-07-2020 09:29,359.85,27-07-2020 15:24,204.7,-155.15000000000003,-86230.37376684732,-215281.29283625836,99633.83720797766,-314915.130044236
26,27,BANKNIFTY30JUL2022200PE,27-07-2020 09:29,360.05,27-07-2020 15:24,550.65,190.59999999999997,105874.1841410915,-109407.10869516687,99633.83720797766,-209040.94590314454
27,28,BANKNIFTY30JUL2022100CE,28-07-2020 09:29,299.75,28-07-2020 10:16,142.4,-157.35,-104987.48957464554,-214394.5982698124,99633.83720797766,-314028.4354777901
28,29,BANKNIFTY30JUL2022100PE,28-07-2020 09:29,348.45,28-07-2020 10:16,581.8,233.34999999999997,133936.00229588174,-80458.59597393067,99633.83720797766,-180092.43318190833
29,30,BANKNIFTY30JUL2022300CE,29-07-2020 09:29,240.8,29-07-2020 13:25,214.35,-26.450000000000017,-21968.43853820599,-102427.03451213666,99633.83720797766,-202060.87172011432
30,31,BANKNIFTY30JUL2022300PE,29-07-2020 09:29,233.0,29-07-2020 13:25,207.3,-25.69999999999999,-22060.085836909864,-124487.12034904651,99633.83720797766,-224120.95755702417
31,32,BANKNIFTY30JUL2022200CE,30-07-2020 09:29,125.0,30-07-2020 10:33,118.1,-6.900000000000006,-11040.00000000001,-135527.1203490465,99633.83720797766,-235160.95755702417
32,33,BANKNIFTY30JUL2022200PE,30-07-2020 09:29,132.2,30-07-2020 10:33,110.7,-21.499999999999986,-32526.475037821463,-168053.59538686796,99633.83720797766,-267687.43259484565
33,34,BANKNIFTY06AUG2021600CE,31-07-2020 09:29,445.0,31-07-2020 15:03,434.25,-10.75,-4831.460674157303,-172885.05606102527,99633.83720797766,-272518.8932690029
34,35,BANKNIFTY06AUG2021600PE,31-07-2020 09:29,422.4,31-07-2020 15:03,345.7,-76.69999999999999,-36316.28787878787,-209201.34393981314,99633.83720797766,-308835.1811477908
35,36,BANKNIFTY06AUG2021400CE,03-08-2020 09:29,337.0,03-08-2020 15:24,236.95,-100.05000000000001,-59376.854599406535,-268578.1985392197,99633.83720797766,-368212.03574719734
36,37,BANKNIFTY06AUG2021400PE,03-08-2020 09:29,380.35,03-08-2020 15:24,463.15,82.79999999999995,43538.8457999211,-225039.35273929857,99633.83720797766,-324673.18994727626
37,38,BANKNIFTY06AUG2021200CE,04-08-2020 09:29,297.4,04-08-2020 15:24,456.0,158.60000000000002,106657.70006724953,-118381.65267204904,99633.83720797766,-218015.4898800267
38,39,BANKNIFTY06AUG2021200PE,04-08-2020 09:29,326.15,04-08-2020 15:24,127.9,-198.24999999999997,-121569.82983289896,-239951.48250494798,99633.83720797766,-339585.31971292564
39,40,BANKNIFTY06AUG2021800CE,05-08-2020 09:29,191.45,05-08-2020 09:53,323.7,132.25,138156.1765474014,-101795.30595754657,99633.83720797766,-201429.14316552423
40,41,BANKNIFTY06AUG2021800PE,05-08-2020 09:29,244.5,05-08-2020 09:53,165.35,-79.15,-64744.37627811861,-166539.68223566518,99633.83720797766,-266173.5194436428
41,42,BANKNIFTY06AUG2021600CE,06-08-2020 09:29,178.15,06-08-2020 11:47,144.6,-33.55000000000001,-37664.88913836656,-204204.57137403174,99633.83720797766,-303838.4085820094
42,43,BANKNIFTY06AUG2021600PE,06-08-2020 09:29,186.7,06-08-2020 11:47,257.05,70.35000000000002,75361.54258168188,-128843.02879234987,99633.83720797766,-228476.8660003275
43,44,BANKNIFTY13AUG2021500CE,07-08-2020 09:29,369.25,07-08-2020 15:24,481.05,111.80000000000001,60555.17941773867,-68287.84937461119,99633.83720797766,-167921.68658258885
44,45,BANKNIFTY13AUG2021500PE,07-08-2020 09:29,397.4,07-08-2020 15:24,224.65,-172.74999999999997,-86940.1107196779,-155227.9600942891,99633.83720797766,-254861.79730226676
45,46,BANKNIFTY13AUG2022000CE,10-08-2020 09:29,325.95,10-08-2020 15:24,287.5,-38.44999999999999,-23592.575548396988,-178820.5356426861,99633.83720797766,-278454.3728506637
46,47,BANKNIFTY13AUG2022000PE,10-08-2020 09:29,309.95,10-08-2020 15:24,317.35,7.400000000000034,4774.9637038232195,-174045.57193886288,99633.83720797766,-273679.40914684057
47,48,BANKNIFTY13AUG2022200CE,11-08-2020 09:29,268.0,11-08-2020 13:57,209.9,-58.099999999999994,-43358.208955223876,-217403.78089408675,99633.83720797766,-317037.6181020644
48,49,BANKNIFTY13AUG2022200PE,11-08-2020 09:29,247.95,11-08-2020 13:57,252.0,4.050000000000011,3266.7876588021873,-214136.99323528458,99633.83720797766,-313770.83044326224
49,50,BANKNIFTY13AUG2022100CE,12-08-2020 09:29,189.1,12-08-2020 12:55,335.4,146.29999999999998,154732.94553146482,-59404.04770381976,99633.83720797766,-159037.88491179742
50,51,BANKNIFTY13AUG2022100PE,12-08-2020 09:29,196.4,12-08-2020 12:55,88.9,-107.5,-109470.46843177188,-168874.51613559164,99633.83720797766,-268508.3533435693
51,52,BANKNIFTY13AUG2022400CE,13-08-2020 09:29,106.6,13-08-2020 10:34,98.45,-8.149999999999991,-15290.806754221372,-184165.32288981302,99633.83720797766,-283799.16009779065
52,53,BANKNIFTY13AUG2022400PE,13-08-2020 09:29,112.6,13-08-2020 10:34,98.4,-14.199999999999989,-25222.024866785057,-209387.3477565981,99633.83720797766,-309021.18496457575
53,54,BANKNIFTY20AUG2022200CE,14-08-2020 09:29,334.0,14-08-2020 13:47,202.3,-131.7,-78862.2754491018,-288249.6232056999,99633.83720797766,-387883.46041367756
54,55,BANKNIFTY20AUG2022200PE,14-08-2020 09:29,285.65,14-08-2020 13:47,498.85,213.20000000000005,149273.58655697535,-138976.03664872455,99633.83720797766,-238609.8738567022
55,56,BANKNIFTY20AUG2021800CE,17-08-2020 09:29,259.7,17-08-2020 09:40,230.2,-29.5,-22718.52137081248,-161694.558019537,99633.83720797766,-261328.39522751467
56,57,BANKNIFTY20AUG2021800PE,17-08-2020 09:29,311.0,17-08-2020 09:40,458.0,147.0,94533.76205787782,-67160.7959616592,99633.83720797766,-166794.63316963686
57,58,BANKNIFTY20AUG2021800CE,18-08-2020 09:29,235.65,18-08-2020 14:48,457.0,221.35,187863.35667303202,120702.56071137282,120702.56071137282,0.0
58,59,BANKNIFTY20AUG2021800PE,18-08-2020 09:29,262.05,18-08-2020 14:48,94.85,-167.20000000000002,-127609.23487883992,-6906.674167467107,120702.56071137282,-127609.23487883992
59,60,BANKNIFTY20AUG2022400CE,19-08-2020 09:29,158.65,19-08-2020 14:21,148.3,-10.349999999999994,-13047.589032461385,-19954.263199928493,120702.56071137282,-140656.82391130133
60,61,BANKNIFTY20AUG2022400PE,19-08-2020 09:29,201.75,19-08-2020 14:21,176.0,-25.75,-25526.64188351921,-45480.9050834477,120702.56071137282,-166183.4657948205
61,62,BANKNIFTY20AUG2022000CE,20-08-2020 09:29,97.85,20-08-2020 10:36,108.75,10.900000000000006,22278.9984670414,-23201.9066164063,120702.56071137282,-143904.46732777913
62,63,BANKNIFTY20AUG2022000PE,20-08-2020 09:29,113.05,20-08-2020 10:36,79.7,-33.349999999999994,-59000.44228217602,-82202.34889858232,120702.56071137282,-202904.90960995515
63,64,BANKNIFTY27AUG2022200CE,21-08-2020 09:29,320.25,21-08-2020 15:24,331.1,10.850000000000023,6775.9562841530205,-75426.3926144293,120702.56071137282,-196128.9533258021
64,65,BANKNIFTY27AUG2022200PE,21-08-2020 09:29,282.15,21-08-2020 15:24,232.4,-49.74999999999997,-35264.93000177209,-110691.32261620139,120702.56071137282,-231393.8833275742
65,66,BANKNIFTY27AUG2022600CE,24-08-2020 09:29,227.7,24-08-2020 11:55,346.75,119.05000000000001,104567.41326306545,-6123.909353135939,120702.56071137282,-126826.47006450876
66,67,BANKNIFTY27AUG2022600PE,24-08-2020 09:29,254.0,24-08-2020 11:55,200.7,-53.30000000000001,-41968.50393700788,-48092.41329014382,120702.56071137282,-168794.97400151665
67,68,BANKNIFTY27AUG2023100CE,25-08-2020 09:29,214.2,25-08-2020 13:17,186.35,-27.849999999999994,-26003.734827264234,-74096.14811740805,120702.56071137282,-194798.70882878086
68,69,BANKNIFTY27AUG2023100PE,25-08-2020 09:29,243.2,25-08-2020 13:17,218.85,-24.349999999999994,-20024.671052631576,-94120.81917003963,120702.56071137282,-214823.37988141243
69,70,BANKNIFTY27AUG2023200CE,26-08-2020 09:29,197.9,26-08-2020 13:02,178.85,-19.05000000000001,-19252.147549267316,-113372.96671930695,120702.56071137282,-234075.52743067977
70,71,BANKNIFTY27AUG2023200PE,26-08-2020 09:29,186.0,26-08-2020 13:02,165.25,-20.75,-22311.827956989247,-135684.79467629618,120702.56071137282,-256387.355387669
71,72,BANKNIFTY27AUG2023600CE,27-08-2020 09:29,117.3,27-08-2020 10:02,95.55,-21.75,-37084.3989769821,-172769.1936532783,120702.56071137282,-293471.7543646511
72,73,BANKNIFTY27AUG2023600PE,27-08-2020 09:29,88.85,27-08-2020 10:02,89.4,0.5500000000000114,1238.041643218934,-171531.15201005936,120702.56071137282,-292233.7127214322
73,74,BANKNIFTY03SEP2023800CE,28-08-2020 09:29,333.35,28-08-2020 10:31,529.6,196.25,117744.11279436028,-53787.039215699086,120702.56071137282,-174489.5999270719
74,75,BANKNIFTY03SEP2023800PE,28-08-2020 09:29,310.05,28-08-2020 10:31,264.2,-45.85000000000002,-29575.87485889374,-83362.91407459283,120702.56071137282,-204065.47478596563
75,76,BANKNIFTY03SEP2024900CE,31-08-2020 09:29,421.55,31-08-2020 10:27,275.8,-145.75,-69149.56707389395,-152512.48114848678,120702.56071137282,-273215.0418598596
76,77,BANKNIFTY03SEP2024900PE,31-08-2020 09:29,458.2,31-08-2020 10:27,513.3,55.099999999999966,24050.632911392393,-128461.84823709438,120702.56071137282,-249164.4089484672
77,78,BANKNIFTY03SEP2024100CE,01-09-2020 09:29,440.7,01-09-2020 09:57,288.5,-152.2,-69071.93101883367,-197533.77925592806,120702.56071137282,-318236.3399673009
78,79,BANKNIFTY03SEP2024100PE,01-09-2020 09:29,450.1,01-09-2020 09:57,703.8,253.69999999999993,112730.50433237055,-84803.27492355752,120702.56071137282,-205505.83563493035
79,80,BANKNIFTY03SEP2023700CE,02-09-2020 09:29,311.0,02-09-2020 10:46,238.0,-73.0,-46945.33762057878,-131748.6125441363,120702.56071137282,-252451.17325550911
80,81,BANKNIFTY03SEP2023700PE,02-09-2020 09:29,290.25,02-09-2020 10:46,302.25,12.0,8268.7338501292,-123479.8786940071,120702.56071137282,-244182.43940537993
81,82,BANKNIFTY03SEP2023900CE,03-09-2020 09:29,96.7,03-09-2020 11:22,52.75,-43.95,-90899.68976215099,-214379.5684561581,120702.56071137282,-335082.1291675309
82,83,BANKNIFTY03SEP2023900PE,03-09-2020 09:29,140.0,03-09-2020 11:22,157.2,17.19999999999999,24571.428571428554,-189808.13988472955,120702.56071137282,-310510.7005961024
83,84,BANKNIFTY10SEP2023000CE,04-09-2020 09:29,441.45,04-09-2020 12:28,514.0,72.55000000000001,32868.95458149281,-156939.18530323674,120702.56071137282,-277641.7460146096
84,85,BANKNIFTY10SEP2023000PE,04-09-2020 09:29,488.4,04-09-2020 12:28,318.0,-170.39999999999998,-69778.86977886976,-226718.0550821065,120702.56071137282,-347420.6157934793
85,86,BANKNIFTY10SEP2022900CE,07-09-2020 09:29,382.9,07-09-2020 12:48,356.65,-26.25,-13711.15173674589,-240429.2068188524,120702.56071137282,-361131.7675302252
86,87,BANKNIFTY10SEP2022900PE,07-09-2020 09:29,360.5,07-09-2020 12:48,310.05,-50.44999999999999,-27988.904299583905,-268418.1111184363,120702.56071137282,-389120.67182980914
87,88,BANKNIFTY10SEP2022900CE,08-09-2020 09:29,305.8,08-09-2020 12:53,337.55,31.75,20765.206017004577,-247652.90510143174,120702.56071137282,-368355.4658128045
88,89,BANKNIFTY10SEP2022900PE,08-09-2020 09:29,300.2,08-09-2020 12:53,207.8,-92.39999999999998,-61558.96069287141,-309211.8657943031,120702.56071137282,-429914.42650567595
89,90,BANKNIFTY10SEP2022500CE,09-09-2020 09:29,213.45,09-09-2020 09:56,154.95,-58.5,-54813.77371749825,-364025.63951180136,120702.56071137282,-484728.2002231742
90,91,BANKNIFTY10SEP2022500PE,09-09-2020 09:29,201.9,09-09-2020 09:56,302.0,100.1,99157.99900941059,-264867.6405023908,120702.56071137282,-385570.2012137636
91,92,BANKNIFTY10SEP2022500CE,10-09-2020 09:29,95.6,10-09-2020 10:56,162.3,66.70000000000002,139539.74895397495,-125327.89154841585,120702.56071137282,-246030.45225978867
92,93,BANKNIFTY10SEP2022500PE,10-09-2020 09:29,90.1,10-09-2020 10:56,43.25,-46.849999999999994,-103995.56048834628,-229323.45203676214,120702.56071137282,-350026.01274813496
93,94,BANKNIFTY17SEP2022600CE,11-09-2020 09:29,333.95,11-09-2020 09:42,278.45,-55.5,-33238.508758796226,-262561.96079555835,120702.56071137282,-383264.52150693117
94,95,BANKNIFTY17SEP2022600PE,11-09-2020 09:29,337.95,11-09-2020 09:42,460.65,122.69999999999999,72614.29205503772,-189947.66874052063,120702.56071137282,-310650.2294518935
95,96,BANKNIFTY17SEP2022800CE,14-09-2020 09:29,261.6,14-09-2020 13:16,178.25,-83.35000000000002,-63723.24159021408,-253670.9103307347,120702.56071137282,-374373.47104210756
96,97,BANKNIFTY17SEP2022800PE,14-09-2020 09:29,326.1,14-09-2020 13:16,494.9,168.79999999999995,103526.52560564241,-150144.3847250923,120702.56071137282,-270846.9454364651
97,98,BANKNIFTY17SEP2022200CE,15-09-2020 09:29,298.6,15-09-2020 15:24,456.95,158.34999999999997,106061.62089752173,-44082.76382757057,120702.56071137282,-164785.3245389434
98,99,BANKNIFTY17SEP2022200PE,15-09-2020 09:29,316.85,15-09-2020 15:24,120.75,-196.10000000000002,-123780.96891273474,-167863.7327403053,120702.56071137282,-288566.2934516781
99,100,BANKNIFTY17SEP2022500CE,16-09-2020 09:29,196.15,16-09-2020 11:47,138.0,-58.150000000000006,-59291.358654091266,-227155.09139439656,120702.56071137282,-347857.6521057694
100,101,BANKNIFTY17SEP2022500PE,16-09-2020 09:29,233.5,16-09-2020 11:47,334.9,101.39999999999998,86852.24839400426,-140302.8430003923,120702.56071137282,-261005.40371176513
101,102,BANKNIFTY17SEP2022400CE,17-09-2020 09:29,87.15,17-09-2020 10:21,100.0,12.849999999999994,29489.386115892125,-110813.45688450019,120702.56071137282,-231516.017595873
102,103,BANKNIFTY17SEP2022400PE,17-09-2020 09:29,138.15,17-09-2020 10:21,100.5,-37.650000000000006,-54505.97176981542,-165319.42865431562,120702.56071137282,-286021.9893656884
103,104,BANKNIFTY24SEP2022400CE,18-09-2020 09:29,373.9,18-09-2020 14:22,244.3,-129.59999999999997,-69323.34848890077,-234642.7771432164,120702.56071137282,-355345.3378545892
104,105,BANKNIFTY24SEP2022400PE,18-09-2020 09:29,343.85,18-09-2020 14:22,586.0,242.14999999999998,140846.29925839754,-93796.47788481886,120702.56071137282,-214499.03859619168
105,106,BANKNIFTY24SEP2022000CE,21-09-2020 09:29,310.95,21-09-2020 14:04,186.95,-124.0,-79755.58771506674,-173552.0655998856,120702.56071137282,-294254.6263112584
106,107,BANKNIFTY24SEP2022000PE,21-09-2020 09:29,325.95,21-09-2020 14:04,518.15,192.2,117932.19818990644,-55619.86740997915,120702.56071137282,-176322.428121352
107,108,BANKNIFTY24SEP2021300CE,22-09-2020 09:29,299.4,22-09-2020 13:27,318.0,18.600000000000023,12424.849699398814,-43195.01771058034,120702.56071137282,-163897.57842195316
108,109,BANKNIFTY24SEP2021300PE,22-09-2020 09:29,334.5,22-09-2020 13:27,251.05,-83.44999999999999,-49895.366218236166,-93090.3839288165,120702.56071137282,-213792.94464018932
109,110,BANKNIFTY24SEP2021300CE,23-09-2020 09:29,183.9,23-09-2020 10:57,179.25,-4.650000000000006,-5057.096247960854,-98147.48017677736,120702.56071137282,-218850.04088815016
110,111,BANKNIFTY24SEP2021300PE,23-09-2020 09:29,235.0,23-09-2020 10:57,194.2,-40.80000000000001,-34723.404255319154,-132870.8844320965,120702.56071137282,-253573.44514346932
111,112,BANKNIFTY24SEP2020900CE,24-09-2020 09:29,99.3,24-09-2020 09:58,106.2,6.900000000000006,13897.280966767383,-118973.60346532911,120702.56071137282,-239676.16417670192
112,113,BANKNIFTY24SEP2020900PE,24-09-2020 09:29,142.8,24-09-2020 09:58,109.45,-33.35000000000001,-46708.68347338936,-165682.28693871846,120702.56071137282,-286384.8476500913
113,114,BANKNIFTY01OCT2020600CE,25-09-2020 09:29,380.5,25-09-2020 15:24,564.0,183.5,96452.0367936925,-69230.25014502596,120702.56071137282,-189932.81085639878
114,115,BANKNIFTY01OCT2020600PE,25-09-2020 09:29,444.3,25-09-2020 15:24,217.7,-226.60000000000002,-102003.15102408284,-171233.4011691088,120702.56071137282,-291935.9618804816
115,116,BANKNIFTY27AUG2023600CE,27-08-2020 09:29,117.3,27-08-2020 10:02,95.55,-21.75,-37084.3989769821,-208317.8001460909,120702.56071137282,-329020.36085746373
116,117,BANKNIFTY27AUG2023600PE,27-08-2020 09:29,88.85,27-08-2020 10:02,89.4,0.5500000000000114,1238.041643218934,-207079.758502872,120702.56071137282,-327782.31921424484
117,118,BANKNIFTY01OCT2021200CE,28-09-2020 09:29,312.85,28-09-2020 09:40,440.55,127.69999999999999,81636.5670449097,-125443.1914579623,120702.56071137282,-246145.75216933512
118,119,BANKNIFTY01OCT2021200PE,28-09-2020 09:29,328.7,28-09-2020 09:40,273.8,-54.89999999999998,-33404.32004867659,-158847.5115066389,120702.56071137282,-279550.0722180117
119,120,BANKNIFTY01OCT2021700CE,29-09-2020 09:29,267.8,29-09-2020 14:16,145.0,-122.80000000000001,-91710.23151605677,-250557.74302269565,120702.56071137282,-371260.30373406847
120,121,BANKNIFTY01OCT2021700PE,29-09-2020 09:29,272.35,29-09-2020 14:16,316.35,44.0,32311.36405360749,-218246.37896908817,120702.56071137282,-338948.93968046096
121,122,BANKNIFTY01OCT2021200CE,30-09-2020 09:29,183.1,30-09-2020 10:57,330.85,147.75000000000003,161387.22009830698,-56859.15887078119,120702.56071137282,-177561.719582154
122,123,BANKNIFTY01OCT2021200PE,30-09-2020 09:29,193.8,30-09-2020 10:57,87.35,-106.45000000000002,-109855.52115583076,-166714.68002661195,120702.56071137282,-287417.2407379848
123,124,BANKNIFTY03SEP2024900CE,31-08-2020 09:29,421.55,31-08-2020 10:27,275.8,-145.75,-69149.56707389395,-235864.24710050592,120702.56071137282,-356566.80781187874
124,125,BANKNIFTY03SEP2024900PE,31-08-2020 09:29,458.2,31-08-2020 10:27,513.3,55.099999999999966,24050.632911392393,-211813.61418911352,120702.56071137282,-332516.17490048637
125,126,BANKNIFTY01OCT2021900CE,01-10-2020 09:29,114.55,01-10-2020 10:01,110.35,-4.200000000000003,-7333.042339589704,-219146.65652870323,120702.56071137282,-339849.21724007605
126,127,BANKNIFTY01OCT2021900PE,01-10-2020 09:29,118.65,01-10-2020 10:01,87.05,-31.60000000000001,-53265.90813316478,-272412.56466186803,120702.56071137282,-393115.12537324085
127,128,BANKNIFTY08OCT2022600CE,05-10-2020 09:29,373.1,05-10-2020 12:04,337.95,-35.150000000000034,-18842.133476279836,-291254.6981381479,120702.56071137282,-411957.2588495207
128,129,BANKNIFTY08OCT2022600PE,05-10-2020 09:29,363.9,05-10-2020 12:04,325.3,-38.599999999999966,-21214.619400934305,-312469.3175390822,120702.56071137282,-433171.878250455
129,130,BANKNIFTY08OCT2022700CE,06-10-2020 09:29,250.85,06-10-2020 12:22,260.2,9.349999999999994,7454.654175802268,-305014.66336327995,120702.56071137282,-425717.22407465277
130,131,BANKNIFTY08OCT2022700PE,06-10-2020 09:29,312.9,06-10-2020 12:22,245.0,-67.89999999999998,-43400.44742729305,-348415.110790573,120702.56071137282,-469117.6715019458
131,132,BANKNIFTY08OCT2022700CE,07-10-2020 09:29,187.1,07-10-2020 09:54,373.85,186.75000000000003,199625.8685195083,-148789.2422710647,120702.56071137282,-269491.80298243754
132,133,BANKNIFTY08OCT2022700PE,07-10-2020 09:29,237.9,07-10-2020 09:54,122.3,-115.60000000000001,-97183.69062631358,-245972.93289737828,120702.56071137282,-366675.4936087511
133,134,BANKNIFTY08OCT2023200CE,08-10-2020 09:29,119.6,08-10-2020 10:16,138.9,19.30000000000001,32274.24749163882,-213698.68540573947,120702.56071137282,-334401.2461171123
134,135,BANKNIFTY08OCT2023200PE,08-10-2020 09:29,136.4,08-10-2020 10:16,91.4,-45.0,-65982.40469208211,-279681.09009782155,120702.56071137282,-400383.65080919437
135,136,BANKNIFTY15OCT2023300CE,09-10-2020 09:29,413.65,09-10-2020 11:07,670.5,256.85,124187.11471050407,-155493.97538731748,120702.56071137282,-276196.5360986903
136,137,BANKNIFTY15OCT2023300PE,09-10-2020 09:29,411.35,09-10-2020 11:07,248.4,-162.95000000000002,-79226.93569952596,-234720.91108684344,120702.56071137282,-355423.4717982162
137,138,BANKNIFTY15OCT2024200CE,12-10-2020 09:29,366.7,12-10-2020 12:05,249.55,-117.14999999999998,-63894.191437142064,-298615.1025239855,120702.56071137282,-419317.6632353583
138,139,BANKNIFTY15OCT2024200PE,12-10-2020 09:29,424.9,12-10-2020 12:05,623.75,198.85000000000002,93598.49376323842,-205016.60876074707,120702.56071137282,-325719.1694721199
139,140,BANKNIFTY15OCT2023500CE,13-10-2020 09:29,352.4,13-10-2020 13:57,325.0,-27.399999999999977,-15550.510783200896,-220567.11954394798,120702.56071137282,-341269.6802553208
140,141,BANKNIFTY15OCT2023500PE,13-10-2020 09:29,326.7,13-10-2020 13:57,284.35,-42.349999999999966,-25925.92592592591,-246493.04546987388,120702.56071137282,-367195.6061812467
141,142,BANKNIFTY15OCT2023300CE,14-10-2020 09:29,264.35,14-10-2020 11:41,209.05,-55.30000000000001,-41838.471723094386,-288331.5171929683,120702.56071137282,-409034.0779043411
142,143,BANKNIFTY15OCT2023300PE,14-10-2020 09:29,270.05,14-10-2020 11:41,270.2,0.14999999999997726,111.09053878909627,-288220.4266541792,120702.56071137282,-408922.987365552
143,144,BANKNIFTY15OCT2023700CE,15-10-2020 09:29,117.8,15-10-2020 09:39,222.65,104.85000000000001,178013.58234295418,-110206.844311225,120702.56071137282,-230909.4050225978
144,145,BANKNIFTY15OCT2023700PE,15-10-2020 09:29,138.95,15-10-2020 09:39,64.3,-74.64999999999999,-107448.72256207267,-217655.56687329768,120702.56071137282,-338358.1275846705
145,146,BANKNIFTY22OCT2023300CE,16-10-2020 09:29,421.6,16-10-2020 15:24,516.55,94.94999999999993,45042.694497153665,-172612.87237614402,120702.56071137282,-293315.4330875168
146,147,BANKNIFTY22OCT2023300PE,16-10-2020 09:29,447.05,16-10-2020 15:24,309.8,-137.25,-61402.5276814674,-234015.4000576114,120702.56071137282,-354717.9607689842
147,148,BANKNIFTY22OCT2023900CE,19-10-2020 09:29,343.45,19-10-2020 15:24,592.4,248.95,144970.1557723104,-89045.24428530101,120702.56071137282,-209747.80499667383
148,149,BANKNIFTY22OCT2023900PE,19-10-2020 09:29,387.4,19-10-2020 15:24,179.55,-207.84999999999997,-107305.11099638615,-196350.35528168717,120702.56071137282,-317052.91599306
149,150,BANKNIFTY22OCT2024200CE,20-10-2020 09:29,331.5,20-10-2020 13:03,332.7,1.1999999999999886,723.9819004524819,-195626.37338123468,120702.56071137282,-316328.93409260747
150,151,BANKNIFTY22OCT2024200PE,20-10-2020 09:29,354.35,20-10-2020 13:03,282.6,-71.75,-40496.68406942288,-236123.05745065756,120702.56071137282,-356825.61816203035
151,152,BANKNIFTY22OCT2024700CE,21-10-2020 09:29,268.25,21-10-2020 12:14,278.05,9.800000000000011,7306.616961789385,-228816.4404888682,120702.56071137282,-349519.00120024104
152,153,BANKNIFTY22OCT2024700PE,21-10-2020 09:29,244.75,21-10-2020 12:14,183.6,-61.150000000000006,-49969.356486210425,-278785.79697507864,120702.56071137282,-399488.35768645146
153,154,BANKNIFTY22OCT2024500CE,22-10-2020 09:29,199.6,22-10-2020 10:11,160.4,-39.19999999999999,-39278.557114228446,-318064.3540893071,120702.56071137282,-438766.9148006799
154,155,BANKNIFTY22OCT2024500PE,22-10-2020 09:29,185.9,22-10-2020 10:11,181.65,-4.25,-4572.35072619688,-322636.70481550397,120702.56071137282,-443339.2655268768
155,156,BANKNIFTY29OCT2024700CE,23-10-2020 09:29,455.0,23-10-2020 15:24,328.2,-126.80000000000001,-55736.26373626373,-378372.9685517677,120702.56071137282,-499075.5292631405
156,157,BANKNIFTY29OCT2024700PE,23-10-2020 09:29,447.05,23-10-2020 15:24,502.05,55.0,24605.748797673637,-353767.2197540941,120702.56071137282,-474469.7804654669
157,158,BANKNIFTY29OCT2024400CE,26-10-2020 09:29,394.55,26-10-2020 13:01,199.95,-194.60000000000002,-98644.02483842353,-452411.2445925176,120702.56071137282,-573113.8053038905
158,159,BANKNIFTY29OCT2024400PE,26-10-2020 09:29,401.9,26-10-2020 13:01,679.35,277.45000000000005,138069.17143568053,-314342.0731568371,120702.56071137282,-435044.6338682099
159,160,BANKNIFTY29OCT2023900CE,27-10-2020 09:29,368.3,27-10-2020 09:48,589.05,220.74999999999994,119875.10181916911,-194466.97133766796,120702.56071137282,-315169.5320490408
160,161,BANKNIFTY29OCT2023900PE,27-10-2020 09:29,332.85,27-10-2020 09:48,190.8,-142.05,-85353.76295628662,-279820.73429395456,120702.56071137282,-400523.2950053274
161,162,BANKNIFTY29OCT2024800CE,28-10-2020 09:29,275.55,28-10-2020 10:04,141.75,-133.8,-97114.86118671748,-376935.595480672,120702.56071137282,-497638.15619204484
162,163,BANKNIFTY29OCT2024800PE,28-10-2020 09:29,297.95,28-10-2020 10:04,489.4,191.45,128511.49521731836,-248424.10026335367,120702.56071137282,-369126.6609747265
163,164,BANKNIFTY29OCT2024000CE,29-10-2020 09:29,196.6,29-10-2020 10:20,204.3,7.700000000000017,7833.163784333689,-240590.93647902,120702.56071137282,-361293.4971903928
164,165,BANKNIFTY29OCT2024000PE,29-10-2020 09:29,188.15,29-10-2020 10:20,127.75,-60.400000000000006,-64204.09247940474,-304795.02895842475,120702.56071137282,-425497.58966979757
165,166,BANKNIFTY05NOV2024100CE,30-10-2020 09:29,582.8,30-10-2020 14:43,408.5,-174.29999999999995,-59814.6877144818,-364609.71667290654,120702.56071137282,-485312.27738427935
166,167,BANKNIFTY05NOV2024100PE,30-10-2020 09:29,559.55,30-10-2020 14:43,611.0,51.450000000000045,18389.777499776625,-346219.9391731299,120702.56071137282,-466922.49988450273
167,168,BANKNIFTY05NOV2024200CE,02-11-2020 09:29,442.65,02-11-2020 11:19,697.55,254.89999999999998,115169.99887043939,-231049.94030269052,120702.56071137282,-351752.50101406337
168,169,BANKNIFTY05NOV2024200PE,02-11-2020 09:29,479.65,02-11-2020 11:19,321.1,-158.54999999999995,-66110.70572292294,-297160.6460256135,120702.56071137282,-417863.2067369863
169,170,BANKNIFTY05NOV2025400CE,03-11-2020 09:29,468.25,03-11-2020 14:31,442.95,-25.30000000000001,-10806.19327282435,-307966.8392984378,120702.56071137282,-428669.40000981063
170,171,BANKNIFTY05NOV2025400PE,03-11-2020 09:29,485.65,03-11-2020 14:31,414.25,-71.39999999999998,-29403.8916915474,-337370.7309899852,120702.56071137282,-458073.29170135804
171,172,BANKNIFTY05NOV2025500CE,04-11-2020 09:29,377.0,04-11-2020 10:36,316.65,-60.35000000000002,-32015.91511936341,-369386.6461093486,120702.56071137282,-490089.20682072145
172,173,BANKNIFTY05NOV2025500PE,04-11-2020 09:29,429.0,04-11-2020 10:36,406.2,-22.80000000000001,-10629.370629370635,-380016.01673871925,120702.56071137282,-500718.57745009207
173,174,BANKNIFTY05NOV2026100CE,05-11-2020 09:29,170.65,05-11-2020 10:06,165.25,-5.400000000000006,-6328.743041312635,-386344.75978003186,120702.56071137282,-507047.3204914047
174,175,BANKNIFTY05NOV2026100PE,05-11-2020 09:29,158.25,05-11-2020 10:06,129.45,-28.80000000000001,-36398.10426540286,-422742.86404543475,120702.56071137282,-543445.4247568075
175,176,BANKNIFTY12NOV2026200CE,06-11-2020 09:29,446.6,06-11-2020 12:42,658.85,212.25,95051.50022391402,-327691.3638215207,120702.56071137282,-448393.9245328935
176,177,BANKNIFTY12NOV2026200PE,06-11-2020 09:29,437.1,06-11-2020 12:42,314.65,-122.45000000000005,-56028.368794326256,-383719.73261584697,120702.56071137282,-504422.2933272198
177,178,BANKNIFTY12NOV2027300CE,09-11-2020 09:29,389.1,09-11-2020 15:24,482.05,92.94999999999999,47776.921099974286,-335942.81151587266,120702.56071137282,-456645.3722272455
178,179,BANKNIFTY12NOV2027300PE,09-11-2020 09:29,422.85,09-11-2020 15:24,262.5,-160.35000000000002,-75842.4973394821,-411785.3088553548,120702.56071137282,-532487.8695667277
179,180,BANKNIFTY12NOV2027900CE,10-11-2020 09:29,357.9,10-11-2020 09:51,514.15,156.25,87314.89242805254,-324470.41642730223,120702.56071137282,-445172.97713867505
180,181,BANKNIFTY12NOV2027900PE,10-11-2020 09:29,341.95,10-11-2020 09:51,271.4,-70.55000000000001,-41263.34259394649,-365733.7590212487,120702.56071137282,-486436.31973262154
181,182,BANKNIFTY12NOV2028900CE,11-11-2020 09:29,332.25,11-11-2020 10:50,327.6,-4.649999999999977,-2799.09706546274,-368532.85608671146,120702.56071137282,-489235.4167980843
182,183,BANKNIFTY12NOV2028900PE,11-11-2020 09:29,376.2,11-11-2020 10:50,300.4,-75.80000000000001,-40297.71398192451,-408830.570068636,120702.56071137282,-529533.1307800089
183,184,BANKNIFTY12NOV2028500CE,12-11-2020 09:29,181.8,12-11-2020 12:30,129.55,-52.25,-57480.748074807474,-466311.31814344344,120702.56071137282,-587013.8788548163
184,185,BANKNIFTY12NOV2028500PE,12-11-2020 09:29,179.0,12-11-2020 12:30,172.05,-6.949999999999989,-7765.363128491607,-474076.68127193506,120702.56071137282,-594779.2419833079
185,186,BANKNIFTY19NOV2027800CE,13-11-2020 09:29,483.85,13-11-2020 15:24,857.55,373.69999999999993,154469.36033894797,-319607.3209329871,120702.56071137282,-440309.8816443599
186,187,BANKNIFTY19NOV2027800PE,13-11-2020 09:29,489.6,13-11-2020 15:24,171.7,-317.90000000000003,-129861.11111111111,-449468.4320440982,120702.56071137282,-570170.992755471
187,188,BANKNIFTY19NOV2028900CE,17-11-2020 09:29,339.7,17-11-2020 11:43,341.25,1.5500000000000114,912.5699146305632,-448555.86212946766,120702.56071137282,-569258.4228408404
188,189,BANKNIFTY19NOV2028900PE,17-11-2020 09:29,396.4,17-11-2020 11:43,318.5,-77.89999999999998,-39303.73360242179,-487859.5957318894,120702.56071137282,-608562.1564432622
189,190,BANKNIFTY19NOV2029300CE,18-11-2020 09:29,295.15,18-11-2020 12:21,298.75,3.6000000000000227,2439.4375741148724,-485420.15815777454,120702.56071137282,-606122.7188691474
190,191,BANKNIFTY19NOV2029300PE,18-11-2020 09:29,259.55,18-11-2020 12:21,199.0,-60.55000000000001,-46657.67674821807,-532077.8349059926,120702.56071137282,-652780.3956173654
191,192,BANKNIFTY19NOV2029400CE,19-11-2020 09:29,160.1,19-11-2020 09:42,237.3,77.20000000000002,96439.72517176767,-435638.10973422497,120702.56071137282,-556340.6704455977
192,193,BANKNIFTY19NOV2029400PE,19-11-2020 09:29,125.55,19-11-2020 09:42,80.2,-45.349999999999994,-72242.134607726,-507880.244341951,120702.56071137282,-628582.8050533237
193,194,BANKNIFTY26NOV2028800CE,20-11-2020 09:29,501.8,20-11-2020 15:24,656.75,154.95,61757.672379434036,-446122.57196251693,120702.56071137282,-566825.1326738897
194,195,BANKNIFTY26NOV2028800PE,20-11-2020 09:29,480.45,20-11-2020 15:24,280.0,-200.45,-83442.60589031116,-529565.177852828,120702.56071137282,-650267.7385642009
195,196,BANKNIFTY26NOV2029400CE,23-11-2020 09:29,408.85,23-11-2020 09:57,288.25,-120.60000000000002,-58994.74134768253,-588559.9192005106,120702.56071137282,-709262.4799118834
196,197,BANKNIFTY26NOV2029400PE,23-11-2020 09:29,451.15,23-11-2020 09:57,699.2,248.05000000000007,109963.42679818245,-478596.4924023282,120702.56071137282,-599299.053113701
197,198,BANKNIFTY26NOV2029300CE,24-11-2020 09:29,399.55,24-11-2020 15:24,610.8,211.24999999999994,105743.96195720181,-372852.53044512635,120702.56071137282,-493555.09115649917
198,199,BANKNIFTY26NOV2029300PE,24-11-2020 09:29,352.5,24-11-2020 15:24,146.6,-205.9,-116822.69503546099,-489675.22548058734,120702.56071137282,-610377.7861919601
199,200,BANKNIFTY26NOV2030100CE,25-11-2020 09:29,300.1,25-11-2020 10:43,225.2,-74.90000000000003,-49916.69443518829,-539591.9199157757,120702.56071137282,-660294.4806271484
200,201,BANKNIFTY26NOV2030100PE,25-11-2020 09:29,293.55,25-11-2020 10:43,429.55,136.0,92658.83154488161,-446933.088370894,120702.56071137282,-567635.6490822668
201,202,BANKNIFTY26NOV2029200CE,26-11-2020 09:29,187.95,26-11-2020 10:51,153.8,-34.14999999999998,-36339.45198191006,-483272.54035280406,120702.56071137282,-603975.1010641769
202,203,BANKNIFTY26NOV2029200PE,26-11-2020 09:29,179.3,26-11-2020 10:51,175.2,-4.100000000000023,-4573.340769659813,-487845.88112246385,120702.56071137282,-608548.4418338367
203,204,BANKNIFTY03DEC2029500CE,27-11-2020 09:29,500.7,27-11-2020 14:09,483.3,-17.399999999999977,-6950.269622528452,-494796.1507449923,120702.56071137282,-615498.7114563652
204,205,BANKNIFTY03DEC2029500PE,27-11-2020 09:29,472.1,27-11-2020 14:09,390.5,-81.60000000000002,-34568.9472569371,-529365.0980019295,120702.56071137282,-650067.6587133023
205,206,BANKNIFTY03DEC2029600CE,01-12-2020 09:29,408.45,01-12-2020 13:08,459.2,50.75,24850.042844901458,-504515.055157028,120702.56071137282,-625217.6158684008
206,207,BANKNIFTY03DEC2029600PE,01-12-2020 09:29,428.75,01-12-2020 13:08,284.1,-144.64999999999998,-67475.21865889212,-571990.2738159201,120702.56071137282,-692692.834527293
207,208,BANKNIFTY03DEC2029800CE,02-12-2020 09:29,278.65,02-12-2020 11:22,232.55,-46.099999999999966,-33088.10335546382,-605078.3771713839,120702.56071137282,-725780.9378827568
208,209,BANKNIFTY03DEC2029800PE,02-12-2020 09:29,360.55,02-12-2020 11:22,342.5,-18.05000000000001,-10012.480931909588,-615090.8581032936,120702.56071137282,-735793.4188146663
209,210,BANKNIFTY03DEC2029600CE,03-12-2020 09:29,146.7,03-12-2020 11:19,198.6,51.900000000000006,70756.64621676893,-544334.2118865247,120702.56071137282,-665036.7725978976
210,211,BANKNIFTY03DEC2029600PE,03-12-2020 09:29,198.3,03-12-2020 11:19,111.6,-86.70000000000002,-87443.26777609684,-631777.4796626215,120702.56071137282,-752480.0403739943
211,212,BANKNIFTY10DEC2029600CE,04-12-2020 09:29,441.25,04-12-2020 12:56,364.85,-76.39999999999998,-34628.89518413597,-666406.3748467575,120702.56071137282,-787108.9355581303
212,213,BANKNIFTY10DEC2029600PE,04-12-2020 09:29,459.95,04-12-2020 12:56,442.75,-17.19999999999999,-7479.073812370905,-673885.4486591284,120702.56071137282,-794588.0093705012
213,214,BANKNIFTY10DEC2030000CE,07-12-2020 09:29,366.2,07-12-2020 15:24,456.05,89.85000000000002,49071.54560349537,-624813.9030556331,120702.56071137282,-745516.4637670058
214,215,BANKNIFTY10DEC2030000PE,07-12-2020 09:29,389.1,07-12-2020 15:24,253.85,-135.25000000000003,-69519.40375224879,-694333.3068078819,120702.56071137282,-815035.8675192548
215,216,BANKNIFTY10DEC2030300CE,08-12-2020 09:29,289.3,08-12-2020 12:57,299.5,10.199999999999989,7051.50362945039,-687281.8031784316,120702.56071137282,-807984.3638898043
216,217,BANKNIFTY10DEC2030300PE,08-12-2020 09:29,404.35,08-12-2020 12:57,317.35,-87.0,-43032.02670953381,-730313.8298879653,120702.56071137282,-851016.3905993381
217,218,BANKNIFTY10DEC2030400CE,09-12-2020 09:29,229.0,09-12-2020 11:37,244.0,15.0,13100.436681222707,-717213.3932067426,120702.56071137282,-837915.9539181155
218,219,BANKNIFTY10DEC2030400PE,09-12-2020 09:29,279.0,09-12-2020 11:37,213.05,-65.94999999999999,-47275.98566308243,-764489.378869825,120702.56071137282,-885191.9395811979
219,220,BANKNIFTY10DEC2030600CE,10-12-2020 09:29,104.6,10-12-2020 09:41,84.9,-19.69999999999999,-37667.30401529635,-802156.6828851214,120702.56071137282,-922859.2435964942
220,221,BANKNIFTY10DEC2030600PE,10-12-2020 09:29,202.0,10-12-2020 09:41,253.7,51.69999999999999,51188.11881188118,-750968.5640732403,120702.56071137282,-871671.124784613
221,222,BANKNIFTY17DEC2030800CE,11-12-2020 09:29,371.05,11-12-2020 15:24,297.45,-73.60000000000002,-39671.20334186768,-790639.7674151079,120702.56071137282,-911342.3281264808
222,223,BANKNIFTY17DEC2030800PE,11-12-2020 09:29,455.75,11-12-2020 15:24,488.5,32.75,14371.91442676906,-776267.8529883389,120702.56071137282,-896970.4136997117
223,224,BANKNIFTY17DEC2030800CE,14-12-2020 09:29,343.6,14-12-2020 15:24,310.5,-33.10000000000002,-19266.589057043086,-795534.442045382,120702.56071137282,-916237.0027567549
224,225,BANKNIFTY17DEC2030800PE,14-12-2020 09:29,371.35,14-12-2020 15:24,342.0,-29.350000000000023,-15807.18998249631,-811341.6320278783,120702.56071137282,-932044.1927392511
225,226,BANKNIFTY17DEC2030600CE,15-12-2020 09:29,332.15,15-12-2020 13:08,266.35,-65.79999999999995,-39620.65331928343,-850962.2853471617,120702.56071137282,-971664.8460585345
226,227,BANKNIFTY17DEC2030600PE,15-12-2020 09:29,300.95,15-12-2020 13:08,297.55,-3.3999999999999773,-2259.511546768551,-853221.7968939303,120702.56071137282,-973924.3576053032
227,228,BANKNIFTY17DEC2030800CE,16-12-2020 09:29,240.45,16-12-2020 13:25,187.0,-53.44999999999999,-44458.3073404034,-897680.1042343337,120702.56071137282,-1018382.6649457065
228,229,BANKNIFTY17DEC2030800PE,16-12-2020 09:29,220.45,16-12-2020 13:25,226.75,6.300000000000011,5715.5817645724765,-891964.5224697612,120702.56071137282,-1012667.083181134
229,230,BANKNIFTY17DEC2030700CE,17-12-2020 09:29,111.1,17-12-2020 11:27,162.0,50.900000000000006,91629.16291629164,-800335.3595534696,120702.56071137282,-921037.9202648425
230,231,BANKNIFTY17DEC2030700PE,17-12-2020 09:29,168.65,17-12-2020 11:27,88.1,-80.55000000000001,-95523.27305069672,-895858.6326041663,120702.56071137282,-1016561.193315539
231,232,BANKNIFTY24DEC2030700CE,18-12-2020 09:29,373.95,18-12-2020 09:59,293.7,-80.25,-42920.17649418372,-938778.80909835,120702.56071137282,-1059481.3698097228
232,233,BANKNIFTY24DEC2030700PE,18-12-2020 09:29,379.8,18-12-2020 09:59,540.45,160.65000000000003,84597.15639810429,-854181.6527002457,120702.56071137282,-974884.2134116185
233,234,BANKNIFTY24DEC2030300CE,21-12-2020 09:29,347.05,21-12-2020 13:37,255.1,-91.95000000000002,-52989.482783460604,-907171.1354837064,120702.56071137282,-1027873.6961950792
234,235,BANKNIFTY24DEC2030300PE,21-12-2020 09:29,309.05,21-12-2020 13:37,498.35,189.3,122504.44911826566,-784666.6863654407,120702.56071137282,-905369.2470768136
235,236,BANKNIFTY24DEC2029400CE,22-12-2020 09:29,387.05,22-12-2020 12:46,310.5,-76.55000000000001,-39555.61296990053,-824222.2993353412,120702.56071137282,-944924.8600467141
236,237,BANKNIFTY24DEC2029400PE,22-12-2020 09:29,365.95,22-12-2020 12:46,359.65,-6.300000000000011,-3443.0933187594,-827665.3926541005,120702.56071137282,-948367.9533654733
237,238,BANKNIFTY24DEC2029600CE,23-12-2020 09:29,218.15,23-12-2020 14:13,306.85,88.70000000000002,81320.19252807702,-746345.2001260235,120702.56071137282,-867047.7608373964
238,239,BANKNIFTY24DEC2029600PE,23-12-2020 09:29,238.0,23-12-2020 14:13,101.55,-136.45,-114663.86554621848,-861009.065672242,120702.56071137282,-981711.6263836147
239,240,BANKNIFTY24DEC2030200CE,24-12-2020 09:29,139.45,24-12-2020 10:15,254.1,114.65,164431.6959483686,-696577.3697238733,120702.56071137282,-817279.9304352461
240,241,BANKNIFTY24DEC2030200PE,24-12-2020 09:29,139.7,24-12-2020 10:15,56.8,-82.89999999999999,-118682.89191123837,-815260.2616351116,120702.56071137282,-935962.8223464845
241,242,BANKNIFTY31DEC2030800CE,28-12-2020 09:29,328.8,28-12-2020 13:43,348.15,19.349999999999966,11770.072992700709,-803490.1886424109,120702.56071137282,-924192.7493537837
242,243,BANKNIFTY31DEC2030800PE,28-12-2020 09:29,339.75,28-12-2020 13:43,252.2,-87.55000000000001,-51537.895511405455,-855028.0841538163,120702.56071137282,-975730.6448651892
243,244,BANKNIFTY31DEC2031300CE,29-12-2020 09:29,272.15,29-12-2020 13:10,274.75,2.6000000000000227,1910.7110049605167,-853117.3731488559,120702.56071137282,-973819.9338602286
244,245,BANKNIFTY31DEC2031300PE,29-12-2020 09:29,274.6,29-12-2020 13:10,216.65,-57.95000000000002,-42206.84632192281,-895324.2194707787,120702.56071137282,-1016026.7801821516
245,246,BANKNIFTY31DEC2031200CE,30-12-2020 09:29,283.9,30-12-2020 10:24,248.25,-35.64999999999998,-25114.476928495937,-920438.6963992746,120702.56071137282,-1041141.2571106474
246,247,BANKNIFTY31DEC2031200PE,30-12-2020 09:29,240.1,30-12-2020 10:24,221.7,-18.400000000000006,-15326.947105372765,-935765.6435046474,120702.56071137282,-1056468.2042160202
247,248,BANKNIFTY31DEC2031300CE,31-12-2020 09:29,173.85,31-12-2020 10:37,161.8,-12.049999999999983,-13862.525165372428,-949628.1686700198,120702.56071137282,-1070330.7293813927
248,249,BANKNIFTY31DEC2031300PE,31-12-2020 09:29,124.0,31-12-2020 10:37,105.05,-18.950000000000003,-30564.516129032265,-980192.6847990521,120702.56071137282,-1100895.245510425
